--------------------------------------------------------
--  File created - Петък-Март-16-2018   
--------------------------------------------------------
--------------------------------------------------------
--  DDL for Table COMPETENCES
--------------------------------------------------------

  CREATE TABLE "APPRAISALSYSTEM"."COMPETENCES" 
   (	"ID" NUMBER(8,0), 
	"KEY" VARCHAR2(50 BYTE)
   ) SEGMENT CREATION IMMEDIATE 
  PCTFREE 10 PCTUSED 40 INITRANS 1 MAXTRANS 255 NOCOMPRESS LOGGING
  STORAGE(INITIAL 65536 NEXT 1048576 MINEXTENTS 1 MAXEXTENTS 2147483645
  PCTINCREASE 0 FREELISTS 1 FREELIST GROUPS 1 BUFFER_POOL DEFAULT FLASH_CACHE DEFAULT CELL_FLASH_CACHE DEFAULT)
  TABLESPACE "SYSTEM" ;
--------------------------------------------------------
--  DDL for Table EVALUATIONS
--------------------------------------------------------

  CREATE TABLE "APPRAISALSYSTEM"."EVALUATIONS" 
   (	"ID" NUMBER(8,0), 
	"USER_ID" NUMBER(8,0), 
	"EVALUATION_TEMPLATE_ID" NUMBER(8,0), 
	"EVAL_DATE" DATE
   ) SEGMENT CREATION IMMEDIATE 
  PCTFREE 10 PCTUSED 40 INITRANS 1 MAXTRANS 255 NOCOMPRESS LOGGING
  STORAGE(INITIAL 65536 NEXT 1048576 MINEXTENTS 1 MAXEXTENTS 2147483645
  PCTINCREASE 0 FREELISTS 1 FREELIST GROUPS 1 BUFFER_POOL DEFAULT FLASH_CACHE DEFAULT CELL_FLASH_CACHE DEFAULT)
  TABLESPACE "SYSTEM" ;
--------------------------------------------------------
--  DDL for Table EVALUATIONS_EVALUATORS
--------------------------------------------------------

  CREATE TABLE "APPRAISALSYSTEM"."EVALUATIONS_EVALUATORS" 
   (	"EVALUATION_ID" NUMBER(8,0), 
	"EVALUATOR_ID" NUMBER(8,0)
   ) SEGMENT CREATION IMMEDIATE 
  PCTFREE 10 PCTUSED 40 INITRANS 1 MAXTRANS 255 NOCOMPRESS LOGGING
  STORAGE(INITIAL 65536 NEXT 1048576 MINEXTENTS 1 MAXEXTENTS 2147483645
  PCTINCREASE 0 FREELISTS 1 FREELIST GROUPS 1 BUFFER_POOL DEFAULT FLASH_CACHE DEFAULT CELL_FLASH_CACHE DEFAULT)
  TABLESPACE "SYSTEM" ;
--------------------------------------------------------
--  DDL for Table EVALUATION_TEMPLATES
--------------------------------------------------------

  CREATE TABLE "APPRAISALSYSTEM"."EVALUATION_TEMPLATES" 
   (	"ID" NUMBER(8,0), 
	"QUALIFICATION_ID" NUMBER(8,0), 
	"EXCEL_TEMPLATE" BLOB, 
	"EXCEL_DATA_MAPPING" BLOB, 
	"NAME" VARCHAR2(50 BYTE)
   ) SEGMENT CREATION IMMEDIATE 
  PCTFREE 10 PCTUSED 40 INITRANS 1 MAXTRANS 255 NOCOMPRESS LOGGING
  STORAGE(INITIAL 65536 NEXT 1048576 MINEXTENTS 1 MAXEXTENTS 2147483645
  PCTINCREASE 0 FREELISTS 1 FREELIST GROUPS 1 BUFFER_POOL DEFAULT FLASH_CACHE DEFAULT CELL_FLASH_CACHE DEFAULT)
  TABLESPACE "SYSTEM" 
 LOB ("EXCEL_TEMPLATE") STORE AS BASICFILE (
  TABLESPACE "SYSTEM" ENABLE STORAGE IN ROW CHUNK 8192 RETENTION 
  NOCACHE LOGGING 
  STORAGE(INITIAL 65536 NEXT 1048576 MINEXTENTS 1 MAXEXTENTS 2147483645
  PCTINCREASE 0 FREELISTS 1 FREELIST GROUPS 1 BUFFER_POOL DEFAULT FLASH_CACHE DEFAULT CELL_FLASH_CACHE DEFAULT)) 
 LOB ("EXCEL_DATA_MAPPING") STORE AS BASICFILE (
  TABLESPACE "SYSTEM" ENABLE STORAGE IN ROW CHUNK 8192 RETENTION 
  NOCACHE LOGGING 
  STORAGE(INITIAL 65536 NEXT 1048576 MINEXTENTS 1 MAXEXTENTS 2147483645
  PCTINCREASE 0 FREELISTS 1 FREELIST GROUPS 1 BUFFER_POOL DEFAULT FLASH_CACHE DEFAULT CELL_FLASH_CACHE DEFAULT)) ;
--------------------------------------------------------
--  DDL for Table FINAL_RESULTS
--------------------------------------------------------

  CREATE TABLE "APPRAISALSYSTEM"."FINAL_RESULTS" 
   (	"EVALUATION_ID" NUMBER(8,0), 
	"QUESTION_ID" NUMBER(8,0), 
	"RATING_ID" NUMBER(8,0)
   ) SEGMENT CREATION IMMEDIATE 
  PCTFREE 10 PCTUSED 40 INITRANS 1 MAXTRANS 255 NOCOMPRESS LOGGING
  STORAGE(INITIAL 65536 NEXT 1048576 MINEXTENTS 1 MAXEXTENTS 2147483645
  PCTINCREASE 0 FREELISTS 1 FREELIST GROUPS 1 BUFFER_POOL DEFAULT FLASH_CACHE DEFAULT CELL_FLASH_CACHE DEFAULT)
  TABLESPACE "SYSTEM" ;
--------------------------------------------------------
--  DDL for Table POSITIONS
--------------------------------------------------------

  CREATE TABLE "APPRAISALSYSTEM"."POSITIONS" 
   (	"ID" NUMBER(8,0), 
	"NAME" VARCHAR2(50 BYTE)
   ) SEGMENT CREATION IMMEDIATE 
  PCTFREE 10 PCTUSED 40 INITRANS 1 MAXTRANS 255 NOCOMPRESS LOGGING
  STORAGE(INITIAL 65536 NEXT 1048576 MINEXTENTS 1 MAXEXTENTS 2147483645
  PCTINCREASE 0 FREELISTS 1 FREELIST GROUPS 1 BUFFER_POOL DEFAULT FLASH_CACHE DEFAULT CELL_FLASH_CACHE DEFAULT)
  TABLESPACE "SYSTEM" ;
--------------------------------------------------------
--  DDL for Table QUESTIONS
--------------------------------------------------------

  CREATE TABLE "APPRAISALSYSTEM"."QUESTIONS" 
   (	"ID" NUMBER(8,0), 
	"CONTENT" VARCHAR2(200 BYTE), 
	"COMPETENCE_ID" NUMBER(8,0), 
	"POSITIONID" NUMBER(8,0)
   ) SEGMENT CREATION IMMEDIATE 
  PCTFREE 10 PCTUSED 40 INITRANS 1 MAXTRANS 255 NOCOMPRESS LOGGING
  STORAGE(INITIAL 65536 NEXT 1048576 MINEXTENTS 1 MAXEXTENTS 2147483645
  PCTINCREASE 0 FREELISTS 1 FREELIST GROUPS 1 BUFFER_POOL DEFAULT FLASH_CACHE DEFAULT CELL_FLASH_CACHE DEFAULT)
  TABLESPACE "SYSTEM" ;
--------------------------------------------------------
--  DDL for Table QUESTION_TEMPLATES
--------------------------------------------------------

  CREATE TABLE "APPRAISALSYSTEM"."QUESTION_TEMPLATES" 
   (	"QUESTION_ID" NUMBER(8,0), 
	"EVAL_TEMPLATE_ID" NUMBER(8,0)
   ) SEGMENT CREATION IMMEDIATE 
  PCTFREE 10 PCTUSED 40 INITRANS 1 MAXTRANS 255 NOCOMPRESS LOGGING
  STORAGE(INITIAL 65536 NEXT 1048576 MINEXTENTS 1 MAXEXTENTS 2147483645
  PCTINCREASE 0 FREELISTS 1 FREELIST GROUPS 1 BUFFER_POOL DEFAULT FLASH_CACHE DEFAULT CELL_FLASH_CACHE DEFAULT)
  TABLESPACE "SYSTEM" ;
--------------------------------------------------------
--  DDL for Table RATINGS
--------------------------------------------------------

  CREATE TABLE "APPRAISALSYSTEM"."RATINGS" 
   (	"ID" NUMBER(8,0), 
	"RAITING" VARCHAR2(20 BYTE), 
	"EXPLANATION" VARCHAR2(50 BYTE)
   ) SEGMENT CREATION IMMEDIATE 
  PCTFREE 10 PCTUSED 40 INITRANS 1 MAXTRANS 255 NOCOMPRESS LOGGING
  STORAGE(INITIAL 65536 NEXT 1048576 MINEXTENTS 1 MAXEXTENTS 2147483645
  PCTINCREASE 0 FREELISTS 1 FREELIST GROUPS 1 BUFFER_POOL DEFAULT FLASH_CACHE DEFAULT CELL_FLASH_CACHE DEFAULT)
  TABLESPACE "SYSTEM" ;
--------------------------------------------------------
--  DDL for Table RESULTS
--------------------------------------------------------

  CREATE TABLE "APPRAISALSYSTEM"."RESULTS" 
   (	"EVALUATION_ID" NUMBER(8,0), 
	"QUESTION_ID" NUMBER(8,0), 
	"EVALUATOR_ID" NUMBER(8,0), 
	"RATING_ID" NUMBER(8,0), 
	"ID" NUMBER(8,0), 
	"IS_FINAL" NUMBER(1,0)
   ) SEGMENT CREATION IMMEDIATE 
  PCTFREE 10 PCTUSED 40 INITRANS 1 MAXTRANS 255 NOCOMPRESS LOGGING
  STORAGE(INITIAL 65536 NEXT 1048576 MINEXTENTS 1 MAXEXTENTS 2147483645
  PCTINCREASE 0 FREELISTS 1 FREELIST GROUPS 1 BUFFER_POOL DEFAULT FLASH_CACHE DEFAULT CELL_FLASH_CACHE DEFAULT)
  TABLESPACE "SYSTEM" ;
--------------------------------------------------------
--  DDL for Table ROLES
--------------------------------------------------------

  CREATE TABLE "APPRAISALSYSTEM"."ROLES" 
   (	"ID" NUMBER(8,0), 
	"ROLE_NAME" VARCHAR2(50 BYTE)
   ) SEGMENT CREATION IMMEDIATE 
  PCTFREE 10 PCTUSED 40 INITRANS 1 MAXTRANS 255 NOCOMPRESS LOGGING
  STORAGE(INITIAL 65536 NEXT 1048576 MINEXTENTS 1 MAXEXTENTS 2147483645
  PCTINCREASE 0 FREELISTS 1 FREELIST GROUPS 1 BUFFER_POOL DEFAULT FLASH_CACHE DEFAULT CELL_FLASH_CACHE DEFAULT)
  TABLESPACE "SYSTEM" ;
--------------------------------------------------------
--  DDL for Table USERS
--------------------------------------------------------

  CREATE TABLE "APPRAISALSYSTEM"."USERS" 
   (	"ID" NUMBER(8,0), 
	"FIRST_NAME" VARCHAR2(50 BYTE), 
	"LAST_NAME" VARCHAR2(50 BYTE), 
	"PASSWORD" VARCHAR2(40 BYTE), 
	"EMAIL" VARCHAR2(40 BYTE), 
	"ROLE_ID" NUMBER(8,0)
   ) SEGMENT CREATION IMMEDIATE 
  PCTFREE 10 PCTUSED 40 INITRANS 1 MAXTRANS 255 NOCOMPRESS LOGGING
  STORAGE(INITIAL 65536 NEXT 1048576 MINEXTENTS 1 MAXEXTENTS 2147483645
  PCTINCREASE 0 FREELISTS 1 FREELIST GROUPS 1 BUFFER_POOL DEFAULT FLASH_CACHE DEFAULT CELL_FLASH_CACHE DEFAULT)
  TABLESPACE "SYSTEM" ;
REM INSERTING into APPRAISALSYSTEM.COMPETENCES
SET DEFINE OFF;
Insert into APPRAISALSYSTEM.COMPETENCES (ID,KEY) values (1,'Core');
Insert into APPRAISALSYSTEM.COMPETENCES (ID,KEY) values (2,'Technical');
Insert into APPRAISALSYSTEM.COMPETENCES (ID,KEY) values (3,'test');
Insert into APPRAISALSYSTEM.COMPETENCES (ID,KEY) values (7546,'test 24');
Insert into APPRAISALSYSTEM.COMPETENCES (ID,KEY) values (4004,'fdgq');
Insert into APPRAISALSYSTEM.COMPETENCES (ID,KEY) values (7795,'test 2');
REM INSERTING into APPRAISALSYSTEM.EVALUATIONS
SET DEFINE OFF;
Insert into APPRAISALSYSTEM.EVALUATIONS (ID,USER_ID,EVALUATION_TEMPLATE_ID,EVAL_DATE) values (1,1,1,to_date('2017-02-26','RRRR-MM-DD'));
REM INSERTING into APPRAISALSYSTEM.EVALUATIONS_EVALUATORS
SET DEFINE OFF;
Insert into APPRAISALSYSTEM.EVALUATIONS_EVALUATORS (EVALUATION_ID,EVALUATOR_ID) values (1,2);
Insert into APPRAISALSYSTEM.EVALUATIONS_EVALUATORS (EVALUATION_ID,EVALUATOR_ID) values (1,22);
Insert into APPRAISALSYSTEM.EVALUATIONS_EVALUATORS (EVALUATION_ID,EVALUATOR_ID) values (1,123);
REM INSERTING into APPRAISALSYSTEM.EVALUATION_TEMPLATES
SET DEFINE OFF;
Insert into APPRAISALSYSTEM.EVALUATION_TEMPLATES (ID,QUALIFICATION_ID,NAME) values (4476,2,'encho template');
Insert into APPRAISALSYSTEM.EVALUATION_TEMPLATES (ID,QUALIFICATION_ID,NAME) values (2078,4953,'Senior');
Insert into APPRAISALSYSTEM.EVALUATION_TEMPLATES (ID,QUALIFICATION_ID,NAME) values (1,1,'Junior C# Template');
Insert into APPRAISALSYSTEM.EVALUATION_TEMPLATES (ID,QUALIFICATION_ID,NAME) values (8239,2,'Hello Template');
REM INSERTING into APPRAISALSYSTEM.FINAL_RESULTS
SET DEFINE OFF;
REM INSERTING into APPRAISALSYSTEM.POSITIONS
SET DEFINE OFF;
Insert into APPRAISALSYSTEM.POSITIONS (ID,NAME) values (1,'Junior');
Insert into APPRAISALSYSTEM.POSITIONS (ID,NAME) values (2,'Regular');
Insert into APPRAISALSYSTEM.POSITIONS (ID,NAME) values (3,'Senior');
Insert into APPRAISALSYSTEM.POSITIONS (ID,NAME) values (5235,'C# Junior');
Insert into APPRAISALSYSTEM.POSITIONS (ID,NAME) values (4953,'Senior JAVA');
REM INSERTING into APPRAISALSYSTEM.QUESTIONS
SET DEFINE OFF;
Insert into APPRAISALSYSTEM.QUESTIONS (ID,CONTENT,COMPETENCE_ID,POSITIONID) values (5077,'cvxcvxvc',2,2);
Insert into APPRAISALSYSTEM.QUESTIONS (ID,CONTENT,COMPETENCE_ID,POSITIONID) values (3533,'cxvxcvxcvxcvxvxcv',4004,3);
Insert into APPRAISALSYSTEM.QUESTIONS (ID,CONTENT,COMPETENCE_ID,POSITIONID) values (3,'Provides constructive feedback 1',1,1);
Insert into APPRAISALSYSTEM.QUESTIONS (ID,CONTENT,COMPETENCE_ID,POSITIONID) values (6965,'Test Regular',1,2);
Insert into APPRAISALSYSTEM.QUESTIONS (ID,CONTENT,COMPETENCE_ID,POSITIONID) values (4578,'ASAsaSAs',2,2);
Insert into APPRAISALSYSTEM.QUESTIONS (ID,CONTENT,COMPETENCE_ID,POSITIONID) values (4332,'Test Question',1,1);
Insert into APPRAISALSYSTEM.QUESTIONS (ID,CONTENT,COMPETENCE_ID,POSITIONID) values (2756,'fghgfhgf',3,2);
Insert into APPRAISALSYSTEM.QUESTIONS (ID,CONTENT,COMPETENCE_ID,POSITIONID) values (3197,'ghjghjghjgh',4004,2);
Insert into APPRAISALSYSTEM.QUESTIONS (ID,CONTENT,COMPETENCE_ID,POSITIONID) values (3791,'bghdfghdf',4004,2);
Insert into APPRAISALSYSTEM.QUESTIONS (ID,CONTENT,COMPETENCE_ID,POSITIONID) values (3058,'fghdfhdhhgfhgdhdgdfgdf',1,3);
Insert into APPRAISALSYSTEM.QUESTIONS (ID,CONTENT,COMPETENCE_ID,POSITIONID) values (5293,'xcvcxvxcvxc',3,5235);
Insert into APPRAISALSYSTEM.QUESTIONS (ID,CONTENT,COMPETENCE_ID,POSITIONID) values (7139,'sdfsdfsdfsfsdfsdfsdfsd',2,4953);
Insert into APPRAISALSYSTEM.QUESTIONS (ID,CONTENT,COMPETENCE_ID,POSITIONID) values (844,'sdfsdfsd',7546,4953);
REM INSERTING into APPRAISALSYSTEM.QUESTION_TEMPLATES
SET DEFINE OFF;
Insert into APPRAISALSYSTEM.QUESTION_TEMPLATES (QUESTION_ID,EVAL_TEMPLATE_ID) values (3,1);
Insert into APPRAISALSYSTEM.QUESTION_TEMPLATES (QUESTION_ID,EVAL_TEMPLATE_ID) values (844,1);
Insert into APPRAISALSYSTEM.QUESTION_TEMPLATES (QUESTION_ID,EVAL_TEMPLATE_ID) values (844,2078);
Insert into APPRAISALSYSTEM.QUESTION_TEMPLATES (QUESTION_ID,EVAL_TEMPLATE_ID) values (2756,4476);
Insert into APPRAISALSYSTEM.QUESTION_TEMPLATES (QUESTION_ID,EVAL_TEMPLATE_ID) values (2756,8239);
Insert into APPRAISALSYSTEM.QUESTION_TEMPLATES (QUESTION_ID,EVAL_TEMPLATE_ID) values (3197,8239);
Insert into APPRAISALSYSTEM.QUESTION_TEMPLATES (QUESTION_ID,EVAL_TEMPLATE_ID) values (3791,4476);
Insert into APPRAISALSYSTEM.QUESTION_TEMPLATES (QUESTION_ID,EVAL_TEMPLATE_ID) values (3791,8239);
Insert into APPRAISALSYSTEM.QUESTION_TEMPLATES (QUESTION_ID,EVAL_TEMPLATE_ID) values (4332,1);
Insert into APPRAISALSYSTEM.QUESTION_TEMPLATES (QUESTION_ID,EVAL_TEMPLATE_ID) values (4578,8239);
Insert into APPRAISALSYSTEM.QUESTION_TEMPLATES (QUESTION_ID,EVAL_TEMPLATE_ID) values (6965,4476);
Insert into APPRAISALSYSTEM.QUESTION_TEMPLATES (QUESTION_ID,EVAL_TEMPLATE_ID) values (6965,8239);
REM INSERTING into APPRAISALSYSTEM.RATINGS
SET DEFINE OFF;
Insert into APPRAISALSYSTEM.RATINGS (ID,RAITING,EXPLANATION) values (5,'5','Exceptional');
Insert into APPRAISALSYSTEM.RATINGS (ID,RAITING,EXPLANATION) values (1,'1','Unacceptable');
Insert into APPRAISALSYSTEM.RATINGS (ID,RAITING,EXPLANATION) values (2,'2','Below Expectations');
Insert into APPRAISALSYSTEM.RATINGS (ID,RAITING,EXPLANATION) values (3,'3','Meets Expectations');
Insert into APPRAISALSYSTEM.RATINGS (ID,RAITING,EXPLANATION) values (4,'4','Exceeds Expectations');
REM INSERTING into APPRAISALSYSTEM.RESULTS
SET DEFINE OFF;
REM INSERTING into APPRAISALSYSTEM.ROLES
SET DEFINE OFF;
Insert into APPRAISALSYSTEM.ROLES (ID,ROLE_NAME) values (1,'Employee');
Insert into APPRAISALSYSTEM.ROLES (ID,ROLE_NAME) values (2,'HR');
REM INSERTING into APPRAISALSYSTEM.USERS
SET DEFINE OFF;
Insert into APPRAISALSYSTEM.USERS (ID,FIRST_NAME,LAST_NAME,PASSWORD,EMAIL,ROLE_ID) values (1,'Pesho','Grigorov','123','pesho@gmail.com',1);
Insert into APPRAISALSYSTEM.USERS (ID,FIRST_NAME,LAST_NAME,PASSWORD,EMAIL,ROLE_ID) values (2,'Minka','Simeonova','345623212','minka@gmail.com',1);
Insert into APPRAISALSYSTEM.USERS (ID,FIRST_NAME,LAST_NAME,PASSWORD,EMAIL,ROLE_ID) values (3,'Greta','Greta','sdfsd3212','greta@gmail.com',2);
Insert into APPRAISALSYSTEM.USERS (ID,FIRST_NAME,LAST_NAME,PASSWORD,EMAIL,ROLE_ID) values (4,'Misho','Merkov','misho1234','misho@gmail.com',1);
Insert into APPRAISALSYSTEM.USERS (ID,FIRST_NAME,LAST_NAME,PASSWORD,EMAIL,ROLE_ID) values (123,'Dinko','Dinkov','dinko123','dinko@abv.bg',2);
Insert into APPRAISALSYSTEM.USERS (ID,FIRST_NAME,LAST_NAME,PASSWORD,EMAIL,ROLE_ID) values (1234,'Stoian','Qnkov','stoian123','stoian@abv.bg',2);
Insert into APPRAISALSYSTEM.USERS (ID,FIRST_NAME,LAST_NAME,PASSWORD,EMAIL,ROLE_ID) values (22,'pesho','stoilov','99999999','pstoilov@abv.bg',1);
Insert into APPRAISALSYSTEM.USERS (ID,FIRST_NAME,LAST_NAME,PASSWORD,EMAIL,ROLE_ID) values (5206,'Encho','Enevski','567','kalitara@abv.bg',1);
--------------------------------------------------------
--  DDL for Index PK_EVALUATION_EVALUATOR
--------------------------------------------------------

  CREATE UNIQUE INDEX "APPRAISALSYSTEM"."PK_EVALUATION_EVALUATOR" ON "APPRAISALSYSTEM"."EVALUATIONS_EVALUATORS" ("EVALUATION_ID", "EVALUATOR_ID") 
  PCTFREE 10 INITRANS 2 MAXTRANS 255 COMPUTE STATISTICS 
  STORAGE(INITIAL 65536 NEXT 1048576 MINEXTENTS 1 MAXEXTENTS 2147483645
  PCTINCREASE 0 FREELISTS 1 FREELIST GROUPS 1 BUFFER_POOL DEFAULT FLASH_CACHE DEFAULT CELL_FLASH_CACHE DEFAULT)
  TABLESPACE "SYSTEM" ;
--------------------------------------------------------
--  Constraints for Table FINAL_RESULTS
--------------------------------------------------------

  ALTER TABLE "APPRAISALSYSTEM"."FINAL_RESULTS" MODIFY ("RATING_ID" NOT NULL ENABLE);
  ALTER TABLE "APPRAISALSYSTEM"."FINAL_RESULTS" MODIFY ("QUESTION_ID" NOT NULL ENABLE);
  ALTER TABLE "APPRAISALSYSTEM"."FINAL_RESULTS" MODIFY ("EVALUATION_ID" NOT NULL ENABLE);
--------------------------------------------------------
--  Constraints for Table COMPETENCES
--------------------------------------------------------

  ALTER TABLE "APPRAISALSYSTEM"."COMPETENCES" ADD PRIMARY KEY ("ID")
  USING INDEX PCTFREE 10 INITRANS 2 MAXTRANS 255 COMPUTE STATISTICS 
  STORAGE(INITIAL 65536 NEXT 1048576 MINEXTENTS 1 MAXEXTENTS 2147483645
  PCTINCREASE 0 FREELISTS 1 FREELIST GROUPS 1 BUFFER_POOL DEFAULT FLASH_CACHE DEFAULT CELL_FLASH_CACHE DEFAULT)
  TABLESPACE "SYSTEM"  ENABLE;
  ALTER TABLE "APPRAISALSYSTEM"."COMPETENCES" MODIFY ("KEY" NOT NULL ENABLE);
  ALTER TABLE "APPRAISALSYSTEM"."COMPETENCES" MODIFY ("ID" NOT NULL ENABLE);
--------------------------------------------------------
--  Constraints for Table QUESTION_TEMPLATES
--------------------------------------------------------

  ALTER TABLE "APPRAISALSYSTEM"."QUESTION_TEMPLATES" ADD PRIMARY KEY ("QUESTION_ID", "EVAL_TEMPLATE_ID")
  USING INDEX PCTFREE 10 INITRANS 2 MAXTRANS 255 COMPUTE STATISTICS 
  STORAGE(INITIAL 65536 NEXT 1048576 MINEXTENTS 1 MAXEXTENTS 2147483645
  PCTINCREASE 0 FREELISTS 1 FREELIST GROUPS 1 BUFFER_POOL DEFAULT FLASH_CACHE DEFAULT CELL_FLASH_CACHE DEFAULT)
  TABLESPACE "SYSTEM"  ENABLE;
  ALTER TABLE "APPRAISALSYSTEM"."QUESTION_TEMPLATES" MODIFY ("EVAL_TEMPLATE_ID" NOT NULL ENABLE);
  ALTER TABLE "APPRAISALSYSTEM"."QUESTION_TEMPLATES" MODIFY ("QUESTION_ID" NOT NULL ENABLE);
--------------------------------------------------------
--  Constraints for Table ROLES
--------------------------------------------------------

  ALTER TABLE "APPRAISALSYSTEM"."ROLES" ADD PRIMARY KEY ("ID")
  USING INDEX PCTFREE 10 INITRANS 2 MAXTRANS 255 COMPUTE STATISTICS 
  STORAGE(INITIAL 65536 NEXT 1048576 MINEXTENTS 1 MAXEXTENTS 2147483645
  PCTINCREASE 0 FREELISTS 1 FREELIST GROUPS 1 BUFFER_POOL DEFAULT FLASH_CACHE DEFAULT CELL_FLASH_CACHE DEFAULT)
  TABLESPACE "SYSTEM"  ENABLE;
  ALTER TABLE "APPRAISALSYSTEM"."ROLES" MODIFY ("ROLE_NAME" NOT NULL ENABLE);
  ALTER TABLE "APPRAISALSYSTEM"."ROLES" MODIFY ("ID" NOT NULL ENABLE);
--------------------------------------------------------
--  Constraints for Table USERS
--------------------------------------------------------

  ALTER TABLE "APPRAISALSYSTEM"."USERS" ADD PRIMARY KEY ("ID")
  USING INDEX PCTFREE 10 INITRANS 2 MAXTRANS 255 COMPUTE STATISTICS 
  STORAGE(INITIAL 65536 NEXT 1048576 MINEXTENTS 1 MAXEXTENTS 2147483645
  PCTINCREASE 0 FREELISTS 1 FREELIST GROUPS 1 BUFFER_POOL DEFAULT FLASH_CACHE DEFAULT CELL_FLASH_CACHE DEFAULT)
  TABLESPACE "SYSTEM"  ENABLE;
  ALTER TABLE "APPRAISALSYSTEM"."USERS" MODIFY ("ROLE_ID" NOT NULL ENABLE);
  ALTER TABLE "APPRAISALSYSTEM"."USERS" MODIFY ("EMAIL" NOT NULL ENABLE);
  ALTER TABLE "APPRAISALSYSTEM"."USERS" MODIFY ("PASSWORD" NOT NULL ENABLE);
  ALTER TABLE "APPRAISALSYSTEM"."USERS" MODIFY ("LAST_NAME" NOT NULL ENABLE);
  ALTER TABLE "APPRAISALSYSTEM"."USERS" MODIFY ("FIRST_NAME" NOT NULL ENABLE);
  ALTER TABLE "APPRAISALSYSTEM"."USERS" MODIFY ("ID" NOT NULL ENABLE);
--------------------------------------------------------
--  Constraints for Table RESULTS
--------------------------------------------------------

  ALTER TABLE "APPRAISALSYSTEM"."RESULTS" ADD PRIMARY KEY ("ID")
  USING INDEX PCTFREE 10 INITRANS 2 MAXTRANS 255 COMPUTE STATISTICS 
  STORAGE(INITIAL 65536 NEXT 1048576 MINEXTENTS 1 MAXEXTENTS 2147483645
  PCTINCREASE 0 FREELISTS 1 FREELIST GROUPS 1 BUFFER_POOL DEFAULT FLASH_CACHE DEFAULT CELL_FLASH_CACHE DEFAULT)
  TABLESPACE "SYSTEM"  ENABLE;
  ALTER TABLE "APPRAISALSYSTEM"."RESULTS" MODIFY ("ID" NOT NULL ENABLE);
  ALTER TABLE "APPRAISALSYSTEM"."RESULTS" MODIFY ("RATING_ID" NOT NULL ENABLE);
  ALTER TABLE "APPRAISALSYSTEM"."RESULTS" MODIFY ("EVALUATOR_ID" NOT NULL ENABLE);
  ALTER TABLE "APPRAISALSYSTEM"."RESULTS" MODIFY ("QUESTION_ID" NOT NULL ENABLE);
  ALTER TABLE "APPRAISALSYSTEM"."RESULTS" MODIFY ("EVALUATION_ID" NOT NULL ENABLE);
--------------------------------------------------------
--  Constraints for Table RATINGS
--------------------------------------------------------

  ALTER TABLE "APPRAISALSYSTEM"."RATINGS" ADD PRIMARY KEY ("ID")
  USING INDEX PCTFREE 10 INITRANS 2 MAXTRANS 255 COMPUTE STATISTICS 
  STORAGE(INITIAL 65536 NEXT 1048576 MINEXTENTS 1 MAXEXTENTS 2147483645
  PCTINCREASE 0 FREELISTS 1 FREELIST GROUPS 1 BUFFER_POOL DEFAULT FLASH_CACHE DEFAULT CELL_FLASH_CACHE DEFAULT)
  TABLESPACE "SYSTEM"  ENABLE;
  ALTER TABLE "APPRAISALSYSTEM"."RATINGS" MODIFY ("RAITING" NOT NULL ENABLE);
  ALTER TABLE "APPRAISALSYSTEM"."RATINGS" MODIFY ("ID" NOT NULL ENABLE);
--------------------------------------------------------
--  Constraints for Table EVALUATIONS
--------------------------------------------------------

  ALTER TABLE "APPRAISALSYSTEM"."EVALUATIONS" MODIFY ("EVALUATION_TEMPLATE_ID" NOT NULL ENABLE);
  ALTER TABLE "APPRAISALSYSTEM"."EVALUATIONS" ADD PRIMARY KEY ("ID")
  USING INDEX PCTFREE 10 INITRANS 2 MAXTRANS 255 COMPUTE STATISTICS 
  STORAGE(INITIAL 65536 NEXT 1048576 MINEXTENTS 1 MAXEXTENTS 2147483645
  PCTINCREASE 0 FREELISTS 1 FREELIST GROUPS 1 BUFFER_POOL DEFAULT FLASH_CACHE DEFAULT CELL_FLASH_CACHE DEFAULT)
  TABLESPACE "SYSTEM"  ENABLE;
  ALTER TABLE "APPRAISALSYSTEM"."EVALUATIONS" MODIFY ("USER_ID" NOT NULL ENABLE);
  ALTER TABLE "APPRAISALSYSTEM"."EVALUATIONS" MODIFY ("ID" NOT NULL ENABLE);
--------------------------------------------------------
--  Constraints for Table EVALUATION_TEMPLATES
--------------------------------------------------------

  ALTER TABLE "APPRAISALSYSTEM"."EVALUATION_TEMPLATES" MODIFY ("NAME" NOT NULL ENABLE);
  ALTER TABLE "APPRAISALSYSTEM"."EVALUATION_TEMPLATES" ADD PRIMARY KEY ("ID")
  USING INDEX PCTFREE 10 INITRANS 2 MAXTRANS 255 COMPUTE STATISTICS 
  STORAGE(INITIAL 65536 NEXT 1048576 MINEXTENTS 1 MAXEXTENTS 2147483645
  PCTINCREASE 0 FREELISTS 1 FREELIST GROUPS 1 BUFFER_POOL DEFAULT FLASH_CACHE DEFAULT CELL_FLASH_CACHE DEFAULT)
  TABLESPACE "SYSTEM"  ENABLE;
  ALTER TABLE "APPRAISALSYSTEM"."EVALUATION_TEMPLATES" MODIFY ("QUALIFICATION_ID" NOT NULL ENABLE);
  ALTER TABLE "APPRAISALSYSTEM"."EVALUATION_TEMPLATES" MODIFY ("ID" NOT NULL ENABLE);
--------------------------------------------------------
--  Constraints for Table QUESTIONS
--------------------------------------------------------

  ALTER TABLE "APPRAISALSYSTEM"."QUESTIONS" ADD PRIMARY KEY ("ID")
  USING INDEX PCTFREE 10 INITRANS 2 MAXTRANS 255 COMPUTE STATISTICS 
  STORAGE(INITIAL 65536 NEXT 1048576 MINEXTENTS 1 MAXEXTENTS 2147483645
  PCTINCREASE 0 FREELISTS 1 FREELIST GROUPS 1 BUFFER_POOL DEFAULT FLASH_CACHE DEFAULT CELL_FLASH_CACHE DEFAULT)
  TABLESPACE "SYSTEM"  ENABLE;
  ALTER TABLE "APPRAISALSYSTEM"."QUESTIONS" MODIFY ("COMPETENCE_ID" NOT NULL ENABLE);
  ALTER TABLE "APPRAISALSYSTEM"."QUESTIONS" MODIFY ("CONTENT" NOT NULL ENABLE);
  ALTER TABLE "APPRAISALSYSTEM"."QUESTIONS" MODIFY ("ID" NOT NULL ENABLE);
--------------------------------------------------------
--  Constraints for Table EVALUATIONS_EVALUATORS
--------------------------------------------------------

  ALTER TABLE "APPRAISALSYSTEM"."EVALUATIONS_EVALUATORS" ADD CONSTRAINT "PK_EVALUATION_EVALUATOR" PRIMARY KEY ("EVALUATION_ID", "EVALUATOR_ID")
  USING INDEX PCTFREE 10 INITRANS 2 MAXTRANS 255 COMPUTE STATISTICS 
  STORAGE(INITIAL 65536 NEXT 1048576 MINEXTENTS 1 MAXEXTENTS 2147483645
  PCTINCREASE 0 FREELISTS 1 FREELIST GROUPS 1 BUFFER_POOL DEFAULT FLASH_CACHE DEFAULT CELL_FLASH_CACHE DEFAULT)
  TABLESPACE "SYSTEM"  ENABLE;
  ALTER TABLE "APPRAISALSYSTEM"."EVALUATIONS_EVALUATORS" MODIFY ("EVALUATOR_ID" NOT NULL ENABLE);
  ALTER TABLE "APPRAISALSYSTEM"."EVALUATIONS_EVALUATORS" MODIFY ("EVALUATION_ID" NOT NULL ENABLE);
--------------------------------------------------------
--  Constraints for Table POSITIONS
--------------------------------------------------------

  ALTER TABLE "APPRAISALSYSTEM"."POSITIONS" ADD PRIMARY KEY ("ID")
  USING INDEX PCTFREE 10 INITRANS 2 MAXTRANS 255 COMPUTE STATISTICS 
  STORAGE(INITIAL 65536 NEXT 1048576 MINEXTENTS 1 MAXEXTENTS 2147483645
  PCTINCREASE 0 FREELISTS 1 FREELIST GROUPS 1 BUFFER_POOL DEFAULT FLASH_CACHE DEFAULT CELL_FLASH_CACHE DEFAULT)
  TABLESPACE "SYSTEM"  ENABLE;
  ALTER TABLE "APPRAISALSYSTEM"."POSITIONS" MODIFY ("NAME" NOT NULL ENABLE);
  ALTER TABLE "APPRAISALSYSTEM"."POSITIONS" MODIFY ("ID" NOT NULL ENABLE);
--------------------------------------------------------
--  Ref Constraints for Table EVALUATIONS
--------------------------------------------------------

  ALTER TABLE "APPRAISALSYSTEM"."EVALUATIONS" ADD FOREIGN KEY ("USER_ID")
	  REFERENCES "APPRAISALSYSTEM"."USERS" ("ID") ENABLE;
  ALTER TABLE "APPRAISALSYSTEM"."EVALUATIONS" ADD FOREIGN KEY ("EVALUATION_TEMPLATE_ID")
	  REFERENCES "APPRAISALSYSTEM"."EVALUATION_TEMPLATES" ("ID") ENABLE;
--------------------------------------------------------
--  Ref Constraints for Table EVALUATIONS_EVALUATORS
--------------------------------------------------------

  ALTER TABLE "APPRAISALSYSTEM"."EVALUATIONS_EVALUATORS" ADD FOREIGN KEY ("EVALUATION_ID")
	  REFERENCES "APPRAISALSYSTEM"."EVALUATIONS" ("ID") ENABLE;
  ALTER TABLE "APPRAISALSYSTEM"."EVALUATIONS_EVALUATORS" ADD FOREIGN KEY ("EVALUATOR_ID")
	  REFERENCES "APPRAISALSYSTEM"."USERS" ("ID") ENABLE;
--------------------------------------------------------
--  Ref Constraints for Table EVALUATION_TEMPLATES
--------------------------------------------------------

  ALTER TABLE "APPRAISALSYSTEM"."EVALUATION_TEMPLATES" ADD FOREIGN KEY ("QUALIFICATION_ID")
	  REFERENCES "APPRAISALSYSTEM"."POSITIONS" ("ID") ENABLE;
--------------------------------------------------------
--  Ref Constraints for Table FINAL_RESULTS
--------------------------------------------------------

  ALTER TABLE "APPRAISALSYSTEM"."FINAL_RESULTS" ADD FOREIGN KEY ("EVALUATION_ID")
	  REFERENCES "APPRAISALSYSTEM"."EVALUATIONS" ("ID") ENABLE;
  ALTER TABLE "APPRAISALSYSTEM"."FINAL_RESULTS" ADD FOREIGN KEY ("QUESTION_ID")
	  REFERENCES "APPRAISALSYSTEM"."QUESTIONS" ("ID") ENABLE;
  ALTER TABLE "APPRAISALSYSTEM"."FINAL_RESULTS" ADD FOREIGN KEY ("RATING_ID")
	  REFERENCES "APPRAISALSYSTEM"."RATINGS" ("ID") ENABLE;
--------------------------------------------------------
--  Ref Constraints for Table QUESTIONS
--------------------------------------------------------

  ALTER TABLE "APPRAISALSYSTEM"."QUESTIONS" ADD CONSTRAINT "PK_POSITIONS" FOREIGN KEY ("POSITIONID")
	  REFERENCES "APPRAISALSYSTEM"."POSITIONS" ("ID") ON DELETE CASCADE ENABLE;
  ALTER TABLE "APPRAISALSYSTEM"."QUESTIONS" ADD FOREIGN KEY ("COMPETENCE_ID")
	  REFERENCES "APPRAISALSYSTEM"."COMPETENCES" ("ID") ENABLE;
--------------------------------------------------------
--  Ref Constraints for Table QUESTION_TEMPLATES
--------------------------------------------------------

  ALTER TABLE "APPRAISALSYSTEM"."QUESTION_TEMPLATES" ADD CONSTRAINT "FK_EVALUATION_TEMPLATES" FOREIGN KEY ("EVAL_TEMPLATE_ID")
	  REFERENCES "APPRAISALSYSTEM"."EVALUATION_TEMPLATES" ("ID") ON DELETE CASCADE ENABLE;
  ALTER TABLE "APPRAISALSYSTEM"."QUESTION_TEMPLATES" ADD CONSTRAINT "FK_QUESTIONS" FOREIGN KEY ("QUESTION_ID")
	  REFERENCES "APPRAISALSYSTEM"."QUESTIONS" ("ID") ON DELETE CASCADE ENABLE;
--------------------------------------------------------
--  Ref Constraints for Table RESULTS
--------------------------------------------------------

  ALTER TABLE "APPRAISALSYSTEM"."RESULTS" ADD FOREIGN KEY ("EVALUATION_ID")
	  REFERENCES "APPRAISALSYSTEM"."EVALUATIONS" ("ID") ENABLE;
  ALTER TABLE "APPRAISALSYSTEM"."RESULTS" ADD FOREIGN KEY ("QUESTION_ID")
	  REFERENCES "APPRAISALSYSTEM"."QUESTIONS" ("ID") ENABLE;
  ALTER TABLE "APPRAISALSYSTEM"."RESULTS" ADD FOREIGN KEY ("EVALUATOR_ID")
	  REFERENCES "APPRAISALSYSTEM"."USERS" ("ID") ENABLE;
  ALTER TABLE "APPRAISALSYSTEM"."RESULTS" ADD FOREIGN KEY ("RATING_ID")
	  REFERENCES "APPRAISALSYSTEM"."RATINGS" ("ID") ENABLE;
--------------------------------------------------------
--  Ref Constraints for Table USERS
--------------------------------------------------------

  ALTER TABLE "APPRAISALSYSTEM"."USERS" ADD FOREIGN KEY ("ROLE_ID")
	  REFERENCES "APPRAISALSYSTEM"."ROLES" ("ID") ENABLE;
